ID,Date,cognitive,emotional,physical,financial,spiritual,learning-strategies,intellectual-engagement,effort-control,attention,autonomy,social-cognition,current-emotional-health,self-compassion,emotional-self-awareness,stress-resilience,social-support,gratitude-positivity,bmi,nutritional-implementation,activity-level,self-image,social-activity,long-term,short-term,hapiness,sadness
46,2020-08-14,,,,,,,,,,,,,,,,,,,,,,,,,,
47,2020-08-14,5,6,7,8,9,10,11,12,13,14,15,16,17,18,19,1,20,2,3,5,6,8,9,10,12,11
48,2020-08-14,5,6,7,8,9,10,11,12,13,14,15,16,17,18,19,1,20,2,3,5,6,8,9,10,12,11
51,2020-08-14,5,6,7,8,9,10,11,12,13,14,15,16,17,18,19,1,20,2,3,5,6,8,9,10,12,11
52,2020-08-14,5,6,7,8,9,10,11,12,13,14,15,16,17,18,19,1,20,2,3,5,6,8,9,10,12,11
